Date,USCrude,U.S. less Alaskan North Slope Crude Oil First Purchase Price (Dollars per Barrel),East Coast (PADD 1) Crude Oil First Purchase Price (Dollars per Barrel),New York Crude Oil First Purchase Price (Dollars per Barrel),Pennsylvania Crude Oil First Purchase Price (Dollars per Barrel),West Virginia Crude Oil First Purchase Price (Dollars per Barrel),Midwest (PADD 2) Crude Oil First Purchase Price (Dollars per Barrel),Illinois Crude Oil First Purchase Price (Dollars per Barrel),Indiana Crude Oil First Purchase Price (Dollars per Barrel),Kansas Crude Oil First Purchase Price (Dollars per Barrel),Kentucky Crude Oil First Purchase Price (Dollars per Barrel),Michigan Crude Oil First Purchase Price (Dollars per Barrel),Nebraska Crude Oil First Purchase Price (Dollars per Barrel),North Dakota Crude Oil First Purchase Price (Dollars per Barrel),Ohio Crude Oil First Purchase Price (Dollars per Barrel),Oklahoma Crude Oil First Purchase Price (Dollars per Barrel),South Dakota Crude Oil First Purchase Price (Dollars per Barrel),Gulf Coast (PADD 3) Crude Oil First Purchase Price (Dollars per Barrel),Alabama Crude Oil First Purchase Price (Dollars per Barrel),Arkansas Crude Oil First Purchase Price (Dollars per Barrel),Louisiana Crude Oil First Purchase Price (Dollars per Barrel),Mississippi Crude Oil First Purchase Price (Dollars per Barrel),New Mexico Crude Oil First Purchase Price (Dollars per Barrel),Texas Crude Oil First Purchase Price (Dollars per Barrel),Federal Offshore U.S. Gulf Coast Crude Oil First Purchase Price (Dollars per Barrel),Rocky Mountain (PADD 4) Crude Oil First Purchase Price (Dollars per Barrel),Colorado Crude Oil First Purchase Price (Dollars per Barrel),Montana Crude Oil First Purchase Price (Dollars per Barrel),Utah Crude Oil First Purchase Price (Dollars per Barrel),Wyoming Crude Oil First Purchase Price (Dollars per Barrel),West Coast (PADD 5) Crude Oil First Purchase Price (Dollars per Barrel),Alaska North Slope First Purchase Price (Dollars per Barrel),Alaska Other Crude Oil First Purchase Price (Dollars per Barrel),California Crude Oil First Purchase Price (Dollars per Barrel),Federal Offshore California Crude Oil First Purchase Price (Dollars per Barrel)
Jan-2000,23.53,24.32,24.95,,25.77,24.02,25.17,24.36,24.7,24.84,23.38,25.17,24.68,24.97,24.11,25.73,25.44,25.13,24.42,23.69,26.04,22.82,25.44,25.27,24.8,24.51,25.49,24.41,25.2,24.05,21.01,20.54,,21.55,19.58
Feb-2000,25.48,26.36,26.23,,,,27.43,27.38,26.83,27.2,25.7,27.51,27.25,27.41,26.29,27.72,27.78,27.07,26.57,26.13,28.37,25.1,27.88,27.62,26.03,26.92,27.78,27.05,27.41,26.48,22.72,22.12,,23.52,21.79
Mar-2000,26.19,27.12,28.09,,,,28.31,28.09,27.47,28.1,26.54,28.32,28.07,28.04,27.68,28.74,28.38,27.78,27.5,26.85,28.95,25.71,28.59,28.42,26.66,27.75,28.7,27.66,28.64,27.24,23.32,22.54,,24.35,22.68
Apr-2000,23.2,23.54,23.92,,,,24.11,23.91,23.29,23.59,22.25,23.88,23.67,23.75,22.97,24.77,23.83,24.37,23.77,21.82,24.82,21.76,24.51,24.51,24.3,23.35,24.34,23.31,23.91,22.9,21.46,21.89,,21.18,18.3
May-2000,25.58,26.19,26.76,,27.62,,27.28,26.72,26.2,26.91,25.16,28.18,26.56,26.95,25.87,27.91,27.86,26.82,26.04,25.7,27.44,25.02,27.37,27.26,26.18,26.65,27.99,26.75,27.15,26.06,23.23,22.81,,23.7,21.9
Jun-2000,27.62,28.13,28.95,,29.6,,29.54,29.31,28.79,29.33,27.66,29.33,28.86,29.27,28.27,30.08,29.26,28.58,28.51,28.16,29.92,27.39,29.47,29.3,27.31,28.88,30.19,28.63,29.79,28.31,25.55,25.3,28.9,25.86,24.27
Jul-2000,26.81,27.59,28,,28.75,,28.4,27.95,27.58,28.07,26.43,28.1,27.78,28.04,27.29,29.01,27.91,28.24,27.24,26.91,28.92,26.03,28.85,28.53,27.78,27.79,29.19,27.68,28.62,27.19,24.05,23.03,,25.21,23.4
Aug-2000,27.91,28.55,28.58,,28.97,,29.44,28.99,28.71,29.1,27.45,28.5,28.88,29.1,27.74,30.21,29.07,29.2,28.49,27.84,30.06,27.34,29.64,29.64,28.48,28.8,30.07,28.92,29.46,28.21,25.75,25.37,,26.31,24.47
Sep-2000,29.72,30.51,31.53,,32.32,,31.68,31.6,31.31,31.29,30.17,30.49,30.8,31.57,31.35,32.16,31.22,31.12,30.7,30.57,31.88,29.53,31.94,31.87,29.91,30.68,31.14,30.89,31.71,30.22,27.23,26.34,,28.12,27.41
Oct-2000,29.65,30.29,30.77,,31.52,,31.08,30.7,30.49,30.82,28.61,29.52,30.42,30.86,29.84,31.82,29.06,31.06,30.35,29.66,31.74,28.98,31.43,31.23,30.78,29.81,31.57,30.22,31.25,28.76,27.43,27.04,,27.79,27.43
Nov-2000,30.36,31.09,32.14,,32.53,,32.5,31.85,31.88,32.26,30.77,30.6,32.14,32.27,30.66,33.28,31.68,31.73,31.71,31.18,33.05,30.35,32.34,32.21,30.79,31.01,33.03,31.53,32.66,29.75,28.03,27.49,,28.61,27.53
Dec-2000,24.46,25.79,27.06,,27.43,,26.84,26.36,25.94,26.42,25.15,25.23,26.36,26.26,26.33,27.75,26.19,27.32,27.17,25.41,28.44,24.66,27.37,26.88,27.84,25.04,27.33,25.59,26.98,23.59,20.38,19.61,,21.25,21.4
Jan-2001,24.64,25.95,27.16,,28.02,,27.53,27.58,26.91,27.28,25.66,26.21,27.39,27.25,25.66,28.17,26.9,27.22,26.92,26.12,28.29,25.2,27.83,27.47,26.61,26.07,28.49,27.02,27.89,24.62,20.59,19.84,,21.45,19.96
Feb-2001,25.27,26.4,27.46,,28.52,,28.05,27.5,27.21,27.59,26.13,26.24,27.6,27.56,26.1,29.08,27.17,27.44,26.73,26.56,28.89,25.01,28.13,27.75,26.62,26.24,28.47,26.95,27.88,24.82,21.8,21.05,,22.73,21.2
Mar-2001,22.98,23.93,24.98,,26.2,,25.33,25.08,24.84,24.89,23.78,24.12,24.36,25.02,23.85,26.03,25.59,24.46,24.35,23.89,25.75,21.96,24.75,24.54,24.08,23.77,26.02,24.36,25.45,22.48,20.43,19.48,,21.77,19.69
Apr-2001,23.39,24.11,25.32,,26.31,,25.46,25.28,25.03,25.14,24.23,24.22,24.82,25.03,23.8,26.11,25.87,24.45,23.99,23.44,25.84,22.31,24.81,24.68,23.9,23.96,26.31,24.61,25.51,22.59,21.31,20.55,,22.41,20
May-2001,24.06,24.84,26.72,,27.43,,26.42,26.32,26.1,26.05,25.2,25.37,25.89,26.08,25.03,27.02,26.47,25.13,25.49,24.41,26.6,23.13,25.53,25.52,24.4,24.97,27.4,25.54,26.6,23.68,21.86,20.95,,23.07,20.85
Jun-2001,23.43,24.26,25.74,,26.47,,25.29,25.21,25.05,24.95,24.23,24.26,24.46,25,24.22,25.89,,24.71,24.26,,25.44,22.35,24.5,24.56,24.94,24.23,26.44,24.59,25.62,22.99,21.13,20.22,,22.4,20.04
Jul-2001,22.82,23.53,24.26,,25.18,,24.39,24.38,24,23.86,22.97,23.41,23.98,24.04,22.8,25.1,,24.18,23.95,22.31,25.19,21.18,24.23,23.93,24.43,23.52,25.44,23.57,24.6,22.55,20.43,19.88,,21.07,18.85
Aug-2001,23.08,24.12,24.99,,26.04,,25.28,24.82,24.71,24.72,23.69,25.38,24.77,24.96,23.61,26.03,,24.88,24.13,22.89,26,22.02,25.41,24.87,24.71,24.43,25.73,24.61,25.4,23.67,19.85,18.79,,21.12,19.17
Sep-2001,22.37,23.37,24.44,,25.23,,24.44,24.06,24,24.09,22.96,23.9,24.63,24.05,23.03,25.08,24.51,24.2,23.61,21.74,25.18,21.67,24.85,24.26,23.95,23.25,25.54,23.72,24.52,22.02,19.18,18.27,,20.29,18.53
Oct-2001,18.73,19.55,20.27,,21.32,,20.15,19.78,19.69,19.69,18.82,20.25,19.66,19.65,18.85,20.84,20.13,20.47,20.03,17.54,21.65,17.94,19.93,19.78,21.38,18.84,21.17,18.62,20.24,17.71,15.7,14.93,,16.47,14.26
Nov-2001,16.4,17.45,17.95,,18.83,,18.01,17.27,17.19,17.23,16.27,17.69,19.26,17.52,16.7,18.91,17.87,18.16,19.29,15.14,19.33,15.53,18.55,18.07,18.05,17.06,19.34,17.65,18.02,15.82,13.48,12.29,,15.11,12.59
Dec-2001,15.54,16.47,17.84,,18.4,,17.36,16.99,16.91,16.99,16.1,17.35,16.95,16.8,15.84,18.04,17.2,17.14,16.94,14.85,18.29,15.11,17.19,16.93,17.29,16.17,18.41,16.33,17.46,14.86,12.8,11.96,,13.85,12.5
Jan-2002,15.89,16.69,17.83,,18.8,,17.58,17.21,17.14,17.11,16.25,17.67,16.98,17.16,16.44,18.19,17.49,17.24,17.04,15.11,18.63,15.32,17.48,17.17,17.07,16.72,18.52,16.75,17.98,15.7,13.45,12.72,,14.49,12.6
Feb-2002,16.93,17.67,18.81,,19.84,,18.36,18.22,18.14,18.21,17.35,18.43,17.97,17.9,17.42,18.81,18.21,18.22,18.18,16.09,19.4,16.42,18.49,18.22,17.97,17.63,19.72,17.57,18.86,16.63,14.72,14.04,,15.67,13.5
Mar-2002,20.28,21.1,21.47,,23.06,,22.2,21.81,21.77,21.94,21,22.13,21.66,21.9,20.73,22.75,22.24,21.34,21.4,19.76,23.03,19.93,22.42,22,19.93,20.93,23.38,18.04,22.5,20.44,18.25,17.35,,19.87,16.95
Apr-2002,22.52,23.31,23.88,,24.99,,23.96,23.48,23.49,23.7,22.55,23.84,23.67,23.58,22.91,24.51,23.97,23.56,23.47,21.43,24.56,22.05,24.13,23.65,23.19,23.46,25.21,23.26,24.05,22.63,20.54,19.62,,22.11,19.17
May-2002,23.51,24.41,25.09,,25.9,,24.92,24.51,24.36,24.54,23.29,24.67,24.44,24.63,23.96,25.51,,24.73,24.36,22.41,25.72,22.88,24.69,24.66,24.74,24.05,26.29,24.11,25.05,22.86,21.35,20.19,,23.24,19.41
Jun-2002,22.59,23.37,23.95,,24.39,,23.92,23.56,23.02,23.29,21.91,23.5,23.25,24.39,22.2,24.32,23.31,23.95,23.16,20.89,24.74,21.63,24.24,23.73,24.19,23.04,25.57,23.14,24.04,21.71,20.4,19.84,,21.35,18.7
Jul-2002,23.51,24.35,24.76,,25.76,,24.85,24.68,24.23,24.32,23.21,24.59,24.48,25.02,23.61,25.28,24.9,24.63,24.27,22.36,25.82,22.89,25.13,24.58,24.45,24.25,26.16,24.3,24.9,23.29,21.57,20.46,,23.42,19.81
Aug-2002,24.76,25.67,25.86,,26.82,,26.02,25.96,25.47,25.6,24.45,25.99,25.47,26.04,24.78,26.42,26,26.01,25.51,23.54,26.8,24.18,26.47,25.96,25.97,25.29,27.13,25.48,26.24,24.27,22.64,21.32,,24.63,21.43
Sep-2002,26.08,26.8,26.81,,27.86,,27.65,27.62,27.01,27.21,25.93,27.55,27.36,27.44,26.06,28.19,27.58,27.21,26.79,25.07,28.29,25.92,27.66,27.44,26.65,26.69,28.67,27.2,27.48,25.47,24.13,23.01,,25.45,22.62
Oct-2002,25.29,26.15,27.03,,27.57,,26.89,26.6,26.21,26.44,25.09,26.54,26.43,27.21,25.72,27.2,26.83,26.62,26.27,24.37,27.7,25.05,26.94,26.46,26.67,25.64,28.27,26.09,26.64,24.27,23.21,21.95,,24.82,21.54
Nov-2002,23.38,24.23,25.06,,24.8,,24.74,24.29,23.68,23.92,22.65,23.96,24.36,25.95,22.85,24.85,24.19,25.01,24.39,21.76,25.69,22.38,24.86,24.66,25.54,23.7,26.09,23.75,24.28,22.66,20.77,19.8,,21.98,18.84
Dec-2002,25.29,26.13,26.3,,27.62,,27.29,27.66,26.76,27.02,25.46,27.35,27.08,26.58,25.3,27.99,27.36,26.56,26.68,24.89,28.81,25.66,27.62,26.91,25.47,26.2,28.67,27.1,27.14,24.85,23.12,22.18,,24.31,23.16
Jan-2003,28.42,29.25,29.33,,30.54,,30.47,30.56,29.98,30.3,28.93,30.5,30.36,29.98,28.83,30.98,30.8,29.69,29.83,28.16,31.58,29.17,30.69,30.31,28.26,29.46,31.9,30.25,30.12,28.12,26.02,24.92,,27.4,25.73
Feb-2003,31.85,32.74,32.58,,33.52,,33.56,33.82,32.9,33.26,31.83,33.93,33.28,32.98,31.5,34.14,33.64,33.27,33.07,31.02,35.41,31.47,34.35,33.48,32.4,32.35,34.63,33.42,32.77,31,29.41,28.21,,30.81,29.68
Mar-2003,30.1,30.92,31.76,,32.26,,31.71,31.49,30.66,30.9,29.15,31.48,30.88,32.33,30.97,32.01,31.28,31.41,31.26,28.83,32.49,28.91,31.62,31.14,31.69,30.58,33.74,31.11,31.62,28.92,27.76,26.73,,28.99,27.23
Apr-2003,25.45,26.32,28.18,,27.47,,27.14,26.79,25.94,26.09,24.63,26.91,25.98,28.33,25.85,27.36,26.42,27.3,27.6,23.92,29.42,24.73,26.94,26.67,27.99,25.9,28.82,26.43,26.33,24.51,22.36,21.83,,23.03,20.96
May-2003,24.95,25.82,27.82,,27.93,,26.69,26.45,25.49,25.9,24.44,26.57,25.88,26.88,27.96,27.03,26.2,26.57,26.66,23.59,27.84,24.97,27.14,26.59,26.26,25.55,27.58,26.21,25.63,24.51,22.28,21.5,,23.3,21.37
Jun-2003,26.84,27.84,28.29,,29.47,,28.49,28.33,27.69,28.08,26.64,28.55,28.12,28.22,27.55,29.01,28.6,28.23,27.91,25.93,29.55,26.74,29.07,28.56,27.43,27.71,29.65,28.42,28.41,26.53,24.44,22.83,,26.44,24.08
Jul-2003,27.52,28.48,28.99,,29.4,,29.15,28.94,28.06,28.45,26.87,29.22,28.5,29.28,27.63,29.71,28.9,29.15,28.92,26.23,30.32,27.3,30.06,29.41,28.45,27.96,30.52,28.76,28.81,26.37,24.82,23.4,,26.44,24.02
Aug-2003,27.94,29.08,29.27,,29.57,,29.8,29.61,28.94,29.33,27.72,29.8,29.32,29.83,28.5,30.25,29.78,29.56,29.41,27.06,30.6,28.01,30.17,29.76,29.01,28.76,31.4,29.38,29.57,27.2,25.14,23.09,,27.55,24.61
Sep-2003,25.23,26.01,27.43,,27.71,,26.67,26.29,25.75,25.99,24.45,26.31,26,27.45,25.56,26.92,26.4,26.53,26.92,23.85,27.49,24.76,26.35,26.31,26.8,25.7,28.64,25.89,26.31,24.16,23.03,21.99,,24.31,21.78
Oct-2003,26.53,27.49,28.3,,28.88,,28.48,28.21,27.71,28.05,26.6,28.23,28.02,28.36,27.35,29.03,28.33,28,27.82,26.06,29.44,26.91,28.38,28.17,27.42,27.31,30.15,27.67,28.24,25.71,23.97,22.63,,25.68,23.31
Nov-2003,27.21,28.21,29.2,,29.52,,28.84,28.81,28.31,28.6,27.21,28.6,28.31,28.2,27.88,29.47,27.97,28.96,28.81,26.49,30.33,27.63,29.06,28.8,28.97,27.39,30.07,28.12,28.77,25.63,24.4,23.16,,25.97,23.8
Dec-2003,28.53,29.39,29.98,,30.36,,30.18,30.13,29.54,29.93,28.35,29.97,29.53,29.52,28.93,30.88,29.21,30.05,29.63,27.76,31.6,28.78,30.18,30.26,29.46,28.76,31.71,29.26,29.97,26.98,25.98,24.95,,27.35,24.84
Jan-2004,30.35,31.34,31.66,,31.78,,31.94,31.96,31.43,31.84,30.19,31.75,31.35,30.9,31,32.67,30.61,31.9,31.33,29.59,33.29,30.27,31.92,32.03,31.44,30.46,32.99,30.94,31.82,28.88,27.81,26.29,,29.71,27.23
Feb-2004,31.21,32.06,32.49,,32.19,,32.68,32.45,31.82,32.33,30.63,32.46,31.8,32.31,31.3,33.3,31.96,32.66,32.36,29.97,34.3,30.51,32.81,32.45,32.56,31.02,33.73,31.46,32.23,29.4,28.76,27.55,,30.25,27.65
Mar-2004,32.86,33.64,34.3,,34.67,,34.81,34.69,33.98,34.58,32.76,34.81,34.1,33.9,33.63,35.63,33.53,34.09,33.97,32.39,36.25,32.75,34.82,34.36,33.01,32.92,35.2,33.64,34.41,31.37,30.6,29.6,,31.9,29.56
Apr-2004,33.2,33.9,34.57,,34.34,,34.88,34.31,33.78,34.44,32.5,34.57,33.82,34.8,33.53,35.51,33.43,34.56,34.44,32.18,36.27,32.84,34.9,34.47,34.2,32.98,35.66,33.78,34.4,31.22,30.89,30.25,,31.75,29.2
May-2004,35.73,36.44,37.15,,37.79,,37.91,37.64,36.95,37.88,35.75,38.04,37.29,36.61,36.85,38.9,36.95,36.82,36.81,35.61,39.09,36.36,37.95,37.48,35.02,36.07,38.53,36.79,37.77,34.31,33.61,32.69,,34.78,32.44
Jun-2004,34.53,35.28,36.24,,36.26,,35.95,35.31,35,35.92,33.74,36.42,35.09,34.84,35.67,36.81,34.95,36.07,36.08,33.75,37.03,33.89,36.38,36.1,35.76,34.31,36.67,35,35.95,32.68,32.03,31.27,,32.97,30.26
Jul-2004,36.54,37.12,37.82,,38.26,,38.43,37.5,37.02,38.47,35.92,38.36,37.37,37.68,36.9,39.3,37.68,37.68,37.44,35.99,39.16,36.2,38.52,38.28,36.42,36.93,39.53,37.48,38.36,35.25,34.22,33.68,,34.84,32.55
Aug-2004,40.1,40.86,42.05,,42.8,,42.79,41.69,41.23,42.79,39.83,42.51,41.76,42.48,41.81,43.49,42.26,41.47,40.95,40.47,43.33,39.84,42.72,42.37,39.46,41.06,43.86,41.85,42.58,39.16,36.93,35.86,,37.9,36.01
Sep-2004,40.56,41.57,43.04,,43.13,,43.85,42.62,42.02,43.53,40.77,43.67,43.06,43.9,42,44.58,43.22,42.8,43.31,41.08,44.92,41.53,43.74,43.24,40.81,41.57,44.94,43.01,43.64,39.12,36.61,36.16,,36.98,35.26
Oct-2004,46.14,47.33,49.55,,50.43,,50.11,49.66,48.84,50.74,47.6,50.56,50.24,47.78,49.14,51.5,50.63,48.63,48.62,48.53,51.77,47.86,50.27,49.7,45.06,48.08,51.19,49.97,50.63,45.35,41.5,41.27,,41.68,41.24
Nov-2004,42.85,43.92,47.75,,47.6,,47.23,45.77,45.35,46.45,43.68,46.27,46.06,48.57,45.88,47.35,46.06,45.41,47.75,44.25,48.01,42.37,45.92,45.28,44.56,43.55,48.44,45.7,46.77,39.9,38.26,38.55,,37.71,36.36
Dec-2004,38.22,39.14,42.04,,41.35,,41.67,40.58,40.35,41.12,38.66,40.64,38.87,42.61,40.97,41.85,39.1,40.84,42.36,38.72,41.79,36.82,40.4,39.86,42.13,37.45,42.95,39.65,41.7,33.25,33.85,34.47,,33.03,30.64
Jan-2005,40.18,41.35,43.61,,43.91,,44.02,43.33,42.69,44.57,41.67,44.52,41.53,42.34,43.06,45.22,42.97,42.71,43.29,41.56,45.04,39.83,43.82,43.16,41.02,41.21,45.75,42.45,44.03,37.41,35.43,35.26,,35.66,33.48
Feb-2005,42.19,42.99,45.1,,45.24,,45.66,43.62,43.86,45.89,42.73,46.03,43.11,45.01,44.58,46.57,43.35,44.41,44.76,42.81,46.41,41.32,45.08,45.22,42.44,42.31,46.71,44.34,45.47,38.07,38.05,38.73,,37.19,34.61
Mar-2005,47.56,48.48,51.17,,52.36,,51.33,49.5,49.64,52.43,46.86,52.37,50.08,49.03,51.45,52.75,49.93,49.67,50.42,49.24,52.39,47.21,50.9,50.37,47.43,48.59,52.79,51.38,51.77,43.86,43.29,43.59,,42.82,40.45
Apr-2005,47.26,48.01,49.93,,51.36,,49.86,48.06,48,50.8,46.44,50.13,48.06,47.64,50.77,51.21,48.87,49.44,50.04,48.04,51.11,46.52,49.42,49.2,49.25,47.02,51.28,49.64,50.67,41.93,43.39,43.92,,42.84,39.48
May-2005,44.03,44.55,47.93,,47.5,,46.94,44.45,44.17,46.48,43.06,,45.06,47.45,47.01,47.53,44.01,45.64,47.4,44.3,47.68,43.93,45.87,45.22,45.42,43.67,48.97,44.87,47.37,38.6,40.97,41.74,,40.11,36.57
Jun-2005,49.83,50.56,52.84,,53.7,,52.36,50.83,50.3,52.75,48.99,,50.88,50.2,52.51,54.06,50.25,51.43,52.3,50.73,54.21,50.04,52.2,52.33,48.92,49.96,53.96,51.29,53.72,45.78,46.67,46.35,,47.1,43.38
Jul-2005,53.35,54.03,55.89,,56.54,,55.61,53.37,52.85,55.32,51.37,,53.66,54.84,55.53,56.91,51.97,54.97,55.44,53.08,56.89,52.34,56,55.69,53.14,53.92,57.2,54.62,56.48,50.71,50.12,50.01,,50.41,46.56
Aug-2005,58.9,59.55,61.26,,62.06,,61.04,58.96,58.45,61.15,55.93,,60,59.34,60.76,62.76,58.98,60.3,60.73,58.84,62.45,57.33,61.86,61.51,57.4,59.1,62.31,60.76,62.37,55.04,56.17,55.84,,56.72,52.67
Sep-2005,59.64,60.32,63.05,,63.44,,61.91,59.38,59.01,61.44,57.61,,60.67,61.22,62.75,63.19,58.46,61.42,62.16,59.53,63.41,59.27,61.85,61.45,59.22,59.12,64.16,60.83,62.75,53.68,57.08,56.88,,57.41,53.04
Oct-2005,56.99,57.59,61.14,,60.52,,59.21,56.4,56.16,58.42,54.86,,58.51,59.72,59.59,59.92,55.26,58.63,60.82,56.55,61.48,55.77,58.87,58.34,58.1,56.61,61.8,58.11,59.7,51.54,54.5,54.67,,54.54,49.84
Nov-2005,53.2,53.89,56.87,,56.44,,55.44,52.5,52.15,54.53,50.85,,54.61,55.91,55.43,56.32,51.25,55.18,57.07,52.46,57.67,51.53,55.18,54.69,55.41,52.21,57.99,54.04,55.72,46.09,50.21,50.39,,50.08,46.03
Dec-2005,53.24,53.88,56.75,,56.87,,55.31,53.16,52.83,55.37,51.88,,55.46,53.85,55.76,56.76,50.75,54.92,56.11,53.22,57.42,52.21,55.3,54.94,53.91,51.97,58.13,53.74,56.74,45.2,50.51,50.36,,50.8,46.64
Jan-2006,57.85,58.89,61.91,,62.52,,60.41,59.01,58.51,61.34,57.51,,61.44,56.41,61.3,62.7,54.22,59.76,60.9,59.17,62.92,57.89,61.29,60.59,56.91,56.15,62.79,57.9,61.77,48.93,54.59,53.07,,56.51,52.38
Feb-2006,55.69,56.03,60.13,,60.06,,56.65,56.1,55.76,57.45,54.38,,57.22,51.7,59.33,59.33,47.97,57.7,59.1,55.48,60.11,54.84,58.19,57.59,57,50.73,60.69,50.66,56.78,42.38,53.45,54.17,,52.73,48.85
Mar-2006,55.64,56.07,60.16,,60.35,,55.92,56.46,56.18,57.6,55.07,,56.48,48.36,59.25,59.6,39.4,57.63,59.17,55.35,60.67,55.82,57.21,56.7,57.99,51.03,60.89,48.47,57.75,44.73,53.41,53.37,,53.58,49.75
Apr-2006,62.52,63.01,66.72,,67.42,,63.49,63.57,63.12,64.36,61.85,,61.19,57.43,66.29,66.83,52.2,64.1,66.19,62.47,67.89,63.14,64.85,64.39,62.01,60.12,66.96,57.12,64.8,56.7,60.32,60.11,,60.76,56.66
May-2006,64.4,64.86,68.65,,68.61,,65.07,64.17,63.77,64.99,62.58,,61.52,61.52,67.79,67.59,55.67,65.96,67.9,63,68.82,64.02,66.63,66.01,64.83,63.81,68.56,61.26,65.55,62.3,61.9,62.12,,61.77,57.77
Jun-2006,64.65,64.97,68.63,,68.37,,65.45,64.26,63.91,65.25,62.71,,61.73,62.37,67.27,68,58.1,66,68.33,63.14,69.72,63.76,66.66,66.28,64.34,63.2,68.44,63.06,64.93,59.56,62.5,62.94,,62.22,58.37
Jul-2006,67.71,68.21,70.66,,71.85,,69.07,67.56,67.01,68.63,65.66,,65.4,66.44,70.88,71.42,62.49,68.98,71.29,66.52,70.96,67.49,70.11,69.37,67.48,67.37,71.6,67.58,68.29,64.35,65.13,64.73,,65.71,61.62
Aug-2006,67.21,67.71,71.02,,70.92,,67.89,66.29,65.89,67.25,64.81,,64.08,65.91,70.02,69.94,62.14,68.98,70.89,65.24,71.79,66.76,69.02,68.71,68.52,66.12,70.68,66.11,66.79,63.07,64.04,63.91,,64.27,59.98
Sep-2006,59.37,59.6,63.34,,62.13,,59.22,57.65,57.38,58.43,56.26,,54.27,57.79,61.36,61.06,53.32,61.36,62.99,56.54,63.4,57.98,60.4,60.08,62.96,56.69,62.17,57.01,56.84,52.91,56.64,57.98,,55.63,50.67
Oct-2006,53.26,53.75,57.72,,57.01,,53.61,52.59,52.38,53.4,50.58,,48.58,50.68,56.12,56.1,45.41,55.31,56.35,51.32,57.03,52.5,55.19,54.9,55.45,50.11,56.5,49.98,50.83,46.22,50.47,50.62,,50.54,45.82
Nov-2006,52.42,52.98,56.84,,57.82,,52.88,52.45,52.03,53.33,50.59,,48.41,49.4,55.57,55.59,44.87,54.31,55.35,51.04,56.57,52.23,54.5,54.2,53.71,49.72,56.2,48.47,50.33,46.35,49.65,49.03,,50.46,45.77
Dec-2006,55.03,55.72,59.46,,59.58,,55.43,55.25,54.68,56.28,53.27,,51.56,51.7,58.53,58.09,46.88,56.92,58.65,54.24,60.16,55.15,56.93,56.65,56.19,52.41,58.96,51.42,53.1,49.44,52.51,51.58,,53.62,49.06
Jan-2007,49.32,49.82,53.2,,52.74,,48.95,48.21,47.7,48.91,46.62,46.07,44.22,46.59,52.12,51.34,40.82,51.61,53.36,46.8,53.86,49.03,50.84,50.3,53.06,46.19,50.9,46.69,45.1,43.52,46.49,46.79,,46.42,41.35
Feb-2007,52.94,53.8,56.52,,56.48,,53.54,52.77,51.96,53.75,50.83,52.32,49.64,50.16,55.35,56.28,46.5,55.02,57.03,51.48,58.26,53.95,55.69,55.1,53.9,50.96,54.18,51.97,49.98,48.56,49.78,48.48,,51.41,46.73
Mar-2007,54.95,55.68,57.9,,57.81,,55.2,54.08,53.43,54.8,52.32,53.53,50.84,52.75,56.92,57.67,49.39,57.05,58.79,52.79,59.99,56.19,57.26,56.92,56.42,52.92,55.77,53.7,51.39,50.88,51.9,51.04,,53.03,47.98
Apr-2007,58.2,58.77,60.77,,61.4,,58.38,57.39,56.62,58.13,55.52,56.9,54.55,56.09,60.26,60.63,53.06,60.04,61.62,56.5,63.32,59.88,59.96,59.61,59.74,55.02,58.78,57.32,54.75,50.89,55.84,55.05,,56.85,51.92
May-2007,58.9,59.24,60.61,,61.15,,58.5,56.95,56.5,57.43,55.06,57.29,53.95,57.92,60.03,60.02,54.73,60.57,63.22,56.01,64.01,60.12,59.05,58.74,62.47,56.21,58.5,59.36,54.63,53.03,56.98,57.08,,57.12,52.03
Jun-2007,62.35,62.59,65.79,,66.81,,62.43,60.62,59.84,61.24,58.6,62.86,57.7,62.32,63.25,63.68,60.59,63.55,67.47,59.87,67.92,64.29,62.29,62,64.6,59.38,62.02,64.23,58.04,55.11,61.01,61.02,,61.28,55.95
Jul-2007,69.23,69.77,71.2,,70.74,,69.29,67.24,66.47,68.03,64.98,70.15,64.66,68.84,69.07,70.97,66.87,71.06,74.64,66.64,75.6,71.28,70.57,70.9,70.21,65.99,68.47,71.11,64.52,61.49,67.1,66.26,,68.15,62.59
Aug-2007,67.77,68.16,69.82,,69.76,,67.98,65.72,65.2,66.44,63.77,68.37,62.96,67.9,68.93,69.47,63.61,69.52,73.67,64.88,73.85,69.27,69.16,69.06,69.12,64.03,67.48,67.74,62.94,59.98,65.74,65.48,,66.22,60.63
Sep-2007,73.27,73.57,75.61,,75.52,,73.62,72.25,71.25,73.27,70.05,75.92,69.58,71,73.61,76.26,68.47,75.06,77.09,71.2,78.3,74.13,75.95,75.84,72.83,67.85,73.1,71.15,68.13,62.58,71.57,71.47,,71.97,66.34
Oct-2007,79.32,79.68,81.51,,81.5,,79.99,78.92,78.06,80.06,76.41,82.24,76.15,76.49,79.22,83.13,71.46,81.25,83.47,,84.53,80.19,83.18,82.85,77.75,72.71,78.81,74.77,74.02,67.36,77.53,77.29,,78.05,71.64
Nov-2007,87.16,88.06,91.25,,90.89,,88.98,88.46,87.06,89.42,85.06,90.12,85.11,85.1,89.19,92.24,81.2,89.46,92.66,86.41,93.38,89.51,91.87,91.67,84.26,81.73,87.63,83.81,83.21,76.23,84.31,82.55,,86.44,80.12
Dec-2007,85.28,85.71,87.85,,87.71,,85.12,85.26,84.42,85.92,82.43,88.06,81.64,80.69,86.63,88.75,77.93,88.1,90.45,82.91,90.74,86.46,88.4,88.33,87.02,76.23,85.06,79.09,79.74,67.84,82.92,83.08,,83.06,77.46
Jan-2008,87.06,87.79,89.56,,89.41,,87.41,86.27,85.42,87.02,83.52,89.2,81.98,84.86,88.29,90.22,80.24,90.03,93.06,84.12,93.57,88.35,90.08,90.38,89,81,84.83,83.43,80.84,77.02,83.53,83.08,,84.26,78.77
Feb-2008,89.41,89.87,90.85,,90.17,,89.15,88.32,87.26,89.02,85.49,91.53,84.47,85.97,88.7,92.3,83.86,92.12,94.88,85.57,94.97,90.22,92.29,92.53,91.1,83.49,86.25,86.44,82.91,80.02,86.4,86.82,,86.17,82.11
Mar-2008,98.44,99.03,101.42,,100.62,,99.65,97.67,96.36,99.01,94.74,100.86,93.84,97.99,99.61,102.18,94.98,100.33,104,96.34,104.87,99.53,101.58,101.9,96.68,95.06,96.48,98.35,92.95,92.91,95.73,95.24,,96.39,92.2
Apr-2008,106.64,106.99,108.11,,107.14,,107.68,105.53,104.53,106.42,102.03,110.32,102.39,107.01,105.64,109.76,103.72,108.45,111.24,103.56,111.72,106.68,109.83,110.31,104.68,103.05,105.25,107.49,99.97,100.25,104.07,104.64,,103.78,99.5
May-2008,118.55,119.06,121,,120.16,,120,118.41,117.15,119.12,114.47,121.74,115.2,118.06,118.29,122.95,115.29,120.41,124.06,116.03,124.42,120.02,122.41,123.17,114.81,114.5,116.09,118.28,113,111.69,115.84,115.61,,116.16,112.06
Jun-2008,127.47,127.75,128.89,,127,,128.49,127.6,126.23,127.72,123.51,130.07,123.77,126.68,127.16,131.37,124.79,129.61,130.65,125.41,133.42,128.91,130.78,131.33,125.9,122.26,125.57,126.8,120.47,118.2,124.69,125.77,,123.89,119.63
Jul-2008,128.08,128.52,130.2,,130.11,,128.31,127.52,126.7,127.09,123.85,131.32,123.47,126.53,129.33,131.04,123.14,130.79,129.03,125.92,133.74,128.4,130.64,131.08,130.06,123.09,126.07,126.33,120.63,120.15,124.4,125.33,,123.72,118.88
Aug-2008,112.83,113.22,112.82,,112.73,,110.13,110.55,110.12,109.39,106.99,114.28,105.54,107.33,112.26,113.32,103.56,117.05,113.43,107.95,116.8,112.71,113.69,114.22,123.56,105.83,109.25,105.27,103.07,104.95,108.29,110.09,,107.14,102.68
Sep-2008,98.5,99.36,100.84,,100.92,,97.12,98.04,97.74,97.06,94.62,99.66,92.37,93.42,101.02,101.04,89.83,103.61,100.27,95.57,104.29,100.19,101.47,101.76,117.29,91.31,95.55,92.49,89.1,88.61,94.61,94.21,,95.19,90.74
Oct-2008,73.18,73.85,75.52,,76.92,71.65,70.34,70.57,71.37,69.78,67.86,72.62,64.64,67.36,77.03,73.65,60.99,78.78,74.8,67.9,78.13,73.66,74.85,75.24,90.11,63.48,66.7,64.1,62.17,61.28,68.56,69.66,,67.48,63.54
Nov-2008,53.67,54.56,54.82,,54.76,52.71,49.85,51.3,51.3,50.55,48.91,52.62,45.39,45.29,54.3,54.21,41.73,59.38,54.15,48.09,58.66,53.85,55.25,55.49,68.67,44.85,49.13,43.94,43.96,42.54,48.3,48.87,,47.84,44.12
Dec-2008,36.8,37.02,38.13,,39.43,36.79,32.95,34.91,,34.32,32.67,36.46,28.96,27.86,39.3,37.27,25.3,40.72,34.91,32.27,39.79,36.97,36.29,37.1,48.19,28.74,32.5,26.76,28.17,27.5,33.58,35.5,,31.68,27.98
Jan-2009,35,35.27,37,,37.36,,33.51,35.38,35.08,34.45,32.8,36.54,30.02,29.73,36.99,36.55,27.45,37.08,34.55,33.24,38.11,37.32,35.22,35.86,39.16,30.33,31.92,29.67,28.36,30.32,32.98,33.34,,32.78,29.11
Feb-2009,34.14,33.94,34.37,,34.78,,32.46,32.81,32.74,33.98,30.32,33.1,27.79,31.26,34.57,32.88,28.28,35.13,34.43,30.56,36.31,36.38,32.25,32.81,38.77,30.14,30.3,31.46,26.98,30.44,34.06,35.33,,32.98,29.21
Mar-2009,42.45,42.93,42.84,,43.26,42.38,41.33,41.49,41.27,40.46,39.2,40.85,37.28,41.77,42.87,41.45,38.19,43.24,43.76,39.58,46.68,45.08,41.65,42.14,44.36,39.53,39.45,42.51,36.9,38.84,42.2,39.67,,44.93,40.61
Apr-2009,45.19,45.87,45.07,,45.58,44.5,44.49,43.88,43.87,43.12,41.4,44.07,40.09,44.68,45.02,45.38,41.26,46.63,44.73,42.11,48.27,46.97,46.35,46.77,46.32,42.62,42.12,44.77,40.5,42.53,43.4,40.8,,46.1,42.51
May-2009,52.67,53.04,53.49,,53.83,53.03,52.23,52.56,52.1,51.86,50.22,53.69,48.8,51.19,53.13,53.46,49.27,53.15,52.25,50.52,56.13,55.08,54.15,54.74,50.57,50.71,51.62,51.52,48.47,50.4,52.44,50.44,,54.69,51.48
Jun-2009,63.09,63.13,64.2,,64.74,63.42,62.82,63.08,62.72,62.47,61.39,65.02,59.28,61.04,63.81,64.72,59.16,63.3,61.8,61.14,66.52,65.37,65.56,66.16,58.59,60.51,61.78,60.82,58.46,60.31,63.42,62.74,,64.24,60.56
Jul-2009,60.44,60.64,59.52,,60.26,58.41,57.82,58.27,58.17,57.28,56.6,59.47,54.08,56.19,59.28,59.8,54.06,62.37,58.49,56.02,62.41,60.63,60.58,61.13,64.26,56.09,58.62,55.72,54.01,55.57,58.65,58.82,,58.79,55.23
Aug-2009,65.28,65.39,64.9,,65.14,64.41,63.93,64.45,63.93,63.84,62.57,64.96,60.73,61.97,65.57,66.18,60.85,66.33,64.36,62.33,69.02,67.22,66.99,67.42,64.65,61.69,63.06,62.44,60.33,60.98,64.62,64.46,,64.98,61.49
Sep-2009,65.28,65.28,62.73,,62.86,62.3,62.58,62.93,62.73,61.96,61.65,64.28,58.87,61.29,64.05,64.29,58.68,66.98,64.05,60.43,68.23,65.6,65.14,65.54,68.96,60.73,62.5,60.88,59.08,60.26,64.27,65.27,,63.67,59.41
Oct-2009,69.82,70.03,68.22,,67.65,68.7,68.64,69.1,68.6,68.59,67.74,71.09,65.63,66.15,69.81,71.37,65.03,70.98,68.53,67.21,72.94,71.34,71.95,72.54,68.84,66.41,67.51,67.02,64.91,66.03,68.91,68.44,,69.58,66.35
Nov-2009,71.99,72.26,70.12,,69.58,70.72,70.47,71.26,70.91,70.58,70.33,73.27,67.58,67.54,71.66,73.68,66.62,73.44,70.98,69.54,74.47,73.67,73.96,74.59,71.78,68.01,69.65,68.65,66.73,67.13,70.97,70.35,,71.81,67.62
Dec-2009,70.42,70.75,66.87,,65.75,67.9,67.8,68.33,68.19,67.49,67.2,70.52,64.43,65.64,68.73,70.32,63.12,72.57,69.11,66.11,72.09,70.89,70.85,71.44,74.57,65.46,68.04,65.46,64.79,64.17,68.58,68.38,,69.06,65.2
Jan-2010,72.87,73.16,70.74,,68.87,71.37,71.29,71.64,71.13,70.9,70.14,73.88,67.91,69.73,72.25,73.1,67.22,74.18,72.98,69.74,76.12,74.44,73.74,74.36,73.85,69.42,70.94,70.04,67.85,68.7,71.82,71.05,,72.84,68.66
Feb-2010,72.74,73.12,68.49,,66.36,68.27,70.36,70.07,69.94,69.36,67.57,72.32,66.26,69.28,70.17,72.18,67.57,74.61,71.91,67.62,74.34,72.88,72.82,73.58,76.38,68.39,69.93,69.7,65.55,67.73,71.12,70.3,,72.26,67.91
Mar-2010,75.77,76.18,72.76,,70.84,72.72,75.1,74.52,74.28,74.13,72.05,77.12,71.07,73.99,74.75,77.11,72.33,77,75.1,72.52,78.45,77.14,77.78,78.39,75.11,72.94,74.92,73.91,70.6,72.01,74.38,73.19,,75.94,71.36
Apr-2010,78.8,79.37,76.69,,74.01,78.12,77.72,77.92,77.59,77.58,75.48,80.46,74.61,75.27,78.23,80.6,74.67,80.66,78.91,76.13,81.9,80.68,81.26,81.69,79.06,75.41,78.37,75.83,73.09,74.15,76.53,75.06,,78.35,73.5
May-2010,70.91,71.21,67.68,,66.19,67.03,66.97,68.31,68.65,67.34,66.17,69.8,64.44,63.98,69.56,70.17,62.16,73.8,70.74,66.32,73.39,71.27,70.75,71.12,78.52,64.4,68.67,63.92,64.67,61.76,68.74,68.75,,69.06,63.95
Jun-2010,70.77,70.95,67.71,,66.04,66.8,67.46,69.22,68.75,67.85,66.65,70.53,65.23,65.38,69.37,69.57,64.33,72.8,71.74,66.8,74.95,72.25,69.74,70.36,76.33,65.51,67.86,66.09,63.95,64.32,69.6,69.28,,70.17,65.23
Jul-2010,71.37,71.73,68.78,,67.39,67.21,68.71,70.01,69.55,68.89,67.45,71.64,66.14,66.33,70.12,71.56,65.4,73.34,72.24,67.54,75.45,73.09,72.06,72.55,74.51,66.31,68.51,66.84,64.25,65.37,70.04,68.51,,71.59,66.59
Aug-2010,72.07,72.49,69.67,,68.8,67.3,70.03,70.33,69.8,69.51,67.94,72.1,66.76,68.32,71.26,72.59,66.67,74.03,72.46,68.37,75.8,73.59,73.15,73.68,74.55,67.17,70.96,67.68,65.98,64.96,70.22,68.7,,71.75,66.96
Sep-2010,71.23,71.62,67.37,,65.32,65.9,68.48,69.32,69,68.4,66.74,70.83,65.6,66.22,69.9,71.48,65.23,73.52,71.08,66.73,74.75,72.89,72.09,72.63,74.92,64.86,68.57,66.51,63.96,61.92,69.51,68.38,,70.95,65.85
Oct-2010,76.02,76.25,73.53,,71.8,71.23,73.17,75.44,74.9,74.71,72.9,77.04,72.14,69.43,75.94,77.27,69.51,77.56,77.96,73.45,81.41,79.18,77.57,78.1,76.31,69.58,74.86,69.87,69.73,65.85,75.85,74.38,,77.68,72.92
Nov-2010,79.2,79.58,75.73,,74.22,73.15,76.84,77.99,77.55,77.25,75.37,78.79,74.34,74.41,78.43,80.08,73.73,81,82.1,75.77,83.54,81.64,80.31,80.84,81.02,74.11,77.26,74.41,71.79,72.78,78.04,76.48,,79.89,75.14
Dec-2010,83.98,84.26,81.12,,78.25,79.29,82.06,82.89,82.26,82.27,80.04,83.81,79.61,79.77,83.08,85.15,79.19,85.59,87.23,80.78,88.65,86.89,85.08,85.73,84.99,78.65,81.33,79.1,75.82,77.67,82.89,81.94,,84.16,79.7
Jan-2011,85.66,85.86,82.78,,81.19,79.59,82.46,83.48,83.08,82.91,80.83,84.13,79.99,79.94,84.3,85.75,79.32,87.62,89.87,81.29,90.87,88.09,86.09,86.5,89.04,78.45,82.04,79.62,76.45,76.22,84.75,83.68,,85.89,81.09
Feb-2011,86.69,86.41,83.46,,80.36,82.61,81.87,83.6,83.04,82.87,80.57,84.15,80.01,79.21,84.42,85.3,78.46,88.07,90.68,81.15,92.18,89.27,85.21,85.64,91.47,77.78,82.58,79.28,76.86,73.91,88.71,88.62,,89.16,85.07
Mar-2011,99.19,98.9,97.17,,92.43,95.31,95.16,95.93,95.69,95.94,93.38,98.04,92.96,93.28,97.05,97.23,91.16,99.45,109.25,94.2,110.3,104.58,95.3,96.36,103.24,91.09,95.67,93.08,89.94,87.11,103.05,101.21,,105.2,102.65
Apr-2011,108.8,108.51,104.97,,100.36,102.19,105.27,103.83,103.16,103.76,100.48,105.44,100.36,105.67,104.64,105.93,102.81,109.17,117.58,101.92,118.91,113.55,105.38,105.96,113.66,100.21,102.95,105.54,96.4,96.89,112.31,110.88,,114.11,109.29
May-2011,102.46,102.15,96.97,,93.05,93.26,97.27,95.21,94.85,94.6,92.16,98.75,91.7,98.49,97.01,97.21,93.78,103.9,111.45,93.14,111.19,104.97,97.08,98.13,115.05,93.12,96.21,96.35,90.49,90.22,105.05,104.77,,105.84,101.24
Jun-2011,97.3,96.77,91.84,,88.51,88.7,91.91,89.95,89.77,89.59,87.27,93.13,86.35,92.62,91.86,92.25,89.9,98.36,106.68,87.99,105.92,100.26,92.07,92.9,109.49,87.75,90.37,91.6,84.85,85.14,101.19,101.56,,101.46,95.84
Jul-2011,97.82,97.57,93.15,,89.56,88.89,92.4,90.86,90.49,90.37,87.88,95.74,87.56,92.6,92.32,93.15,90.53,99.16,109.09,88.9,108.96,103.42,93.17,94.14,109.55,87.66,90.47,91.99,84.33,84.82,101.77,100.39,,103.58,96.32
Aug-2011,89,88.28,80.58,,78.13,77.21,81.68,80.08,79.94,79.44,77.29,84.9,76.27,82.11,82.09,82.1,79.56,90.18,98.11,78.55,99.68,93.19,82.53,83.4,105.33,77.45,80.6,81.24,75.58,73.98,95,95.38,,95.56,87.16
Sep-2011,90.22,89.42,81.76,,77.41,76.41,81.54,79.34,79.17,79.12,76.67,84.7,75.86,82.18,80.95,81.7,80.28,89.95,102.44,78.1,102.08,95.35,82.19,83.62,105.4,77.53,78.99,81.82,73.82,75.84,100.61,96.47,,105.58,96.38
Oct-2011,92.28,91.59,85.18,,80.27,78.07,81.86,80.3,79.88,79.91,77.23,85.41,76.79,82.05,82.33,82.45,81.09,93.02,107.04,80.96,107.91,99.68,83.08,84.98,109.98,78.24,78,82.36,72.53,78.68,102.23,98.02,,107.25,97
Nov-2011,100.18,99.89,95.27,,91.21,88.49,91.53,90.85,90.12,90.65,87.72,96.87,87.43,90.95,94.11,92.91,90.04,101.1,116.37,91.61,117.03,108.23,93.78,95.72,111.53,89,89.73,91.02,84.72,89.12,107.48,102.53,,113.46,103.44
Dec-2011,98.71,98.77,94.88,,92.38,89.45,91.72,92.22,92.03,92.22,90.57,98.45,89.91,89.92,96.15,94.77,88.26,101.11,109.43,93.09,110.59,104.5,95.52,96.87,110.54,89.4,91.7,89.08,86.37,89.03,100.84,98.16,,104.06,95.92
Jan-2012,98.99,98.85,94.93,,93.86,90.19,92.53,93.78,93.41,93.66,92.4,100.02,91.6,90.18,97.66,96.31,89.8,100.54,105.45,93.57,107.15,103.29,96.61,98.09,106.09,91.44,93.4,90.12,92.28,90.14,102.37,100.06,,105,101.14
Feb-2012,102.04,101.56,97.64,,96.33,93.47,93.41,96.11,95.84,95.98,94.51,102.06,93.78,89.99,100.05,98.4,90.43,103.26,107.27,95.99,109.16,105.9,98.17,101.1,108.66,90.95,92.89,90.33,91.45,89.49,108.88,106.11,,112.02,105.95
Mar-2012,105.42,105.03,102.8,,100.02,98.36,92.63,99.86,99.56,99.91,98.37,105.59,96.68,85.57,103.71,102.26,86.54,108.35,116.53,100.49,118.36,113.31,100.66,105.05,116.12,90.14,96.38,85.27,93.9,85.64,112.65,108.86,,116.47,111.68
Apr-2012,103.62,103.04,101.03,,98.05,95.96,91.03,97.15,96.78,96.98,95.71,102.74,93.67,85.07,101.62,99.42,83.19,106.54,117.66,99.02,118.48,112.04,96.75,101.65,119.85,87.35,94.23,83.88,90.95,81.83,111.6,108.82,,114.91,108.39
May-2012,95.57,94.92,93.3,,90.52,88.06,86.6,93.06,95.92,88.17,90.25,90.6,85.61,83.94,93.36,90.53,82.27,97.25,109.14,90.54,109.44,102.45,86.3,91.61,113.75,83.56,87.84,81.17,84.59,80.6,102.87,101.65,,104.45,99.08
Jun-2012,83.59,83.09,80.54,,78.27,77.25,75.96,76.62,76.87,76.27,75.5,77.58,72.46,74.54,81.88,78.84,73.56,84.77,92.32,77.54,92.66,88.19,75.35,79.82,101.19,72.52,74.34,72.51,71.49,71.58,90.82,88.72,,92.8,87.65
Jul-2012,86.1,85.75,85.26,,83.11,81.22,77.84,81.51,81.41,81.62,80.12,82.44,77.67,74.22,86.39,84.2,71.16,87.47,95.11,82.12,96.63,92.04,81.87,85.13,93.59,74.26,78.25,72.37,75.01,71.76,94.24,90.58,,97.09,90.4
Aug-2012,92.53,92.2,90.91,,88.94,86.08,85.85,88.67,88.24,87.83,86.74,89.41,83.63,83.56,92.87,89.88,82.41,93.52,102.43,88.71,103.95,99.54,89.04,92.66,95.02,81.51,84.35,82.12,80.95,79.47,100.62,97.12,,103.25,96.02
Sep-2012,95.98,95.76,90.57,,87.6,86.38,89.1,89.55,89.54,88.6,87.84,87.88,84.36,88.57,93.32,90.54,87.68,97.51,106.24,90.13,107.47,101.93,90.31,94.67,105.69,85.43,86.98,87.25,83.2,84.55,101.95,98.29,,105.32,98.42
Oct-2012,92.24,92.03,87.15,,84.86,82.98,86.57,84.24,84.77,83.25,82.9,83.37,79.13,87.65,88.87,85.78,87.79,93.38,101.73,85.56,102.44,97.02,84.56,89.38,104.53,83,82.76,86.8,78.66,83.55,97.61,94.44,,100.82,93.11
Nov-2012,89.64,89.4,85.61,,82.03,81.26,83.37,81.43,81.89,80.36,80.23,82.56,76.17,84.26,85.81,82.81,83.05,91.1,101.41,83.69,101.67,96.41,80.92,86.95,102.72,79.08,78.97,82.93,76.45,78.78,94.79,92.06,,97.72,90.45
Dec-2012,89.81,89.46,86.67,,83.01,81.91,83.05,82.99,85.34,81.94,81.63,85.76,77.88,82.62,86.47,84.21,78.82,91.12,103.7,85.54,104.32,98.28,78.62,86.77,103.03,77.01,80.65,80.25,76.67,72.68,96.6,93.43,,99.99,91.12
Jan-2013,95,94.7,92.43,,89.19,87.49,90.29,89.14,89.35,88.35,87.91,92.41,84.27,90.52,93.51,90.44,87.74,95.45,109.44,91.56,110.29,103.39,80.81,91.6,107.07,83.71,87.71,88.92,81.09,79.11,101.98,98.13,,106.23,94.75
Feb-2013,95.01,94.68,93.47,,90.21,91.41,90.54,90.14,90.39,89.19,88.88,93.09,84.92,90.3,94,91.41,88.03,95.14,107,91.95,108.1,103.63,82,91.23,107.53,84.02,88.2,87.79,84.49,78.99,102.53,98.5,,106.86,95.95
Mar-2013,95.54,95.39,91.3,,88.01,88.36,88.99,88.19,88.36,86.93,87.21,90.98,82.76,89.21,91.8,89.24,85.4,97.43,107.08,89.64,107.53,102.61,87.23,93.62,109.97,82.58,85.46,86.4,81.47,79.52,101.04,97.24,,105.21,93.46
Apr-2013,94.41,94.46,89.13,,86.58,88.4,87.82,86.99,87.29,85.61,86.59,89.89,81.59,88.06,90.15,88.05,85.51,97.06,106.51,87.99,106.96,100.92,87.9,93.96,108,82.55,84.79,86.18,79.9,80.6,97.55,93.94,,101.41,89.85
May-2013,94.75,94.85,90.79,,88.13,89.07,89.61,90.06,90.48,88.68,89.12,93.97,84.6,88.97,92.28,90.93,87.7,96.58,103,90.61,104.54,99.47,90.92,94.83,102.66,86.37,88.56,87.02,82.2,86.26,97.64,93.66,,101.73,90.27
Jun-2013,93.82,93.95,90.74,,87.88,89.52,89.01,90.77,91.11,89.43,88.16,,85.44,87.43,92.99,91.66,86.87,95.76,99.91,91.01,102.1,96.95,92.37,94.4,100.69,85.59,88.79,85.58,83.17,84.19,96.22,92.27,,99.98,89.45
Jul-2013,101.41,101.56,96.85,,94.81,95.03,98.33,99.49,99.84,98.33,97.32,,94.09,96.92,101.29,100.97,101.07,102.87,107.44,99.41,109.82,104.82,101.48,102.52,102.9,95.52,96.43,98.28,89.46,96.51,102.66,99.5,,105.72,95.37
Aug-2013,102.96,103.21,98.22,,95.24,97.19,99.84,101.52,101.56,100.68,97.55,106.43,96.29,98.13,103.2,102.81,99.76,104.9,107.63,100.62,110.19,105.72,103.65,104.25,106.71,97.82,100.99,98.25,92.6,97.39,102.51,99.24,,105.36,95.29
Sep-2013,102.32,102.54,98.32,,96.29,96.68,98.93,101.32,101.57,100.53,98.81,106.39,96.19,96.69,101.5,102.65,97.45,104.45,107.03,100.53,109.12,104.54,100.61,104.11,106.42,94.76,97.17,95.99,91.19,93.9,102.34,99.54,,105.24,94.08
Oct-2013,96.18,96.41,92.99,,90.18,93.64,92.83,95.59,95.72,94.54,93.27,100.83,89.86,90.16,95.56,97.35,89.2,98.45,98.68,94.84,101.79,98.17,97.96,97.42,101.56,88.37,93.16,87.6,86.59,85.64,95.88,93.43,,98.54,87.16
Nov-2013,88.7,88.57,85.26,,83.68,85.95,84.2,88.89,89.12,87.89,88.22,91.48,82.65,80.67,88.43,89.79,80.05,90.24,90.25,86.79,93.88,90.17,87.79,88.85,94.57,80.57,84.31,78.32,79.38,78.87,91.91,90.16,,94.26,82.59
Dec-2013,91.85,91.63,88.26,,86.73,88.71,88.29,92.47,92.45,91.75,89.82,92.82,86.83,85.04,91.14,93.79,83.09,92.39,93.33,90.59,97.65,94.24,89.85,91.82,93.94,82.19,83.65,82.13,84.89,79.66,97.05,94.51,,100.03,88.24
Jan-2014,89.57,89.27,85.56,,83.51,86,85.76,89.79,89.86,88.75,87.16,89.57,84.18,82.7,87.36,90.81,81.51,90.01,91.34,87.75,96.45,93.23,88.63,90.4,88.11,81.7,84.37,80.27,81.32,80.27,95.1,93.17,,97.41,86.54
Feb-2014,96.86,96.97,90.65,,88,90.49,93.29,95.21,95.21,94.37,93.44,95.64,90.17,91.68,92.4,96.4,93.89,98.39,100.04,93.65,104.87,100.34,94.46,97.4,101.81,88.26,86.84,91.29,85.73,89.54,98.74,95.41,,102.16,91.16
Mar-2014,96.17,96.26,91.27,,88.18,92.82,93.16,95.47,95.3,94.68,93.75,95.89,90.36,91.17,92.98,96.84,91.94,97.28,98.14,93.95,103.28,99.65,93.08,95.89,102.01,88.83,90.68,90.05,85.4,88.44,98.63,94.91,,101.99,91.74
Apr-2014,96.49,96.48,92.78,,90.17,94.27,94.63,96.92,96.79,96.29,96.64,97.58,91.86,92.37,94.51,98.82,91.33,97.06,98.94,95.22,103.94,100.05,91.43,95.94,101.18,89.66,92.39,90.15,86.28,88.92,99.32,96.59,,102.27,91.61
May-2014,95.74,95.72,91.77,,89,93.68,94.76,96.72,96.49,95.97,96.18,98.68,91.55,92.94,93.38,98.35,93.45,95.82,96.61,94.23,102.29,98.83,91.17,94.73,99.36,90,91.55,90.97,86.22,89.97,99,96.08,,102.01,90.78
Jun-2014,98.68,98.59,94.27,,91.68,95.21,98,99.93,99.69,99.36,99.54,101.89,94.73,96.25,96.37,101.72,94.85,98.81,100.41,97.38,105.47,102.32,94.79,98.16,100.91,92.08,92.45,92.82,89.45,92.49,102.02,100.11,,104.08,92.99
Jul-2014,96.7,96.77,91.6,,90.15,91.2,94.75,97.44,97.3,96.62,97.26,99.22,91.99,92.51,94.04,99.24,91.92,97.8,98.27,94.89,103.37,100.18,93.94,96.56,101.65,89.49,91.23,89.66,86.34,89.17,98.18,95.34,,100.58,89.75
Aug-2014,90.72,90.77,84.77,,83.77,82.62,89.38,91.31,91.16,90.11,91.25,93.22,85.04,87.66,87.34,93.47,84.71,91.58,94.24,88.51,98.16,94.87,84.42,89.39,99.17,83.71,86.74,82.98,81.82,82.3,92.35,89.71,,94.62,83.42
Sep-2014,86.87,86.85,83.88,,84.48,80.07,85,88.14,98.27,86.91,87.89,,82.14,83.45,83.18,87.84,82.12,87.9,90.81,81.31,94.32,92.08,79.82,86.16,94.35,80.78,83.59,79.59,78.25,80.01,88.22,87.15,,89.84,78.9
Oct-2014,78.84,79.07,73.01,,72.24,71.17,77.41,79.71,79.78,78.52,79.88,82.59,73.64,75.64,74.96,81.46,74.04,80.38,81.96,77.39,85.19,83.26,74.1,78.3,87.47,73.87,76.15,72.58,70.79,73.54,77.18,75.43,,79.17,68.22
Nov-2014,71.07,71.35,63.42,,62.53,61.32,68.91,70.82,71.09,69.73,71.34,72.02,64.88,67.26,65.53,72.83,67.23,72.81,72.51,69.25,76.53,74.68,67.32,70.46,80.98,67.38,68.68,65.46,66,67.52,68.69,66.8,,70.11,59.16
Dec-2014,54.86,55.38,46.03,,45.31,43.91,52.09,54.33,54.75,53.36,55.13,54.69,49.51,50.51,48.78,55.81,50.41,57.41,57.12,52.58,59.36,56.88,54.25,54.69,66.27,50.12,50.89,47.69,51.72,49.69,50.61,46.73,,53.77,42.59
Jan-2015,43.06,43.29,34.35,,34.07,31.81,39.72,43.37,43.57,42.18,44.25,43.18,38.3,37.52,35.42,44.36,40.04,45.23,43.24,41.41,46.64,45.21,42.63,43.43,51.57,37.74,38.53,36.91,38.04,37.17,41.49,39.32,,42.93,32.04
Feb-2015,44.35,44.43,35.46,,33.87,34.44,43,45.66,46.08,44.92,46.88,46.33,41.18,41.31,37.2,46.94,43.61,45.21,44,44.57,48.92,47.49,44.37,44.66,46.61,40.07,39.84,39.99,38.69,40.85,44.85,43.03,,47.02,35.65
Mar-2015,42.66,42.8,32.49,,32.2,29.57,40.24,42.66,43.09,41.66,44.06,43.11,38.2,38.77,35.31,43.46,40.76,43.81,42.51,41.94,47.36,45.47,42.11,42.89,47.12,39.44,38.68,37.38,46.04,38.32,43.1,40.44,,44.95,34.68
Apr-2015,49.3,49.38,41.47,,41.19,38.14,46.97,48.82,49.38,47.7,50.15,50.41,44.71,46.08,43.94,48.92,47.04,50.57,50.89,48.45,54.91,52.88,48.19,49.82,53.23,45.38,44.75,45.26,47.87,44.96,49.19,48.06,,50.81,41.17
May-2015,54.38,54.53,46.58,,46.03,43.75,52.11,54.24,54.59,53.13,55.24,55.42,50.24,51.08,49.23,54.44,52.23,55.68,55.46,53.46,60.12,57.81,53.98,55.21,57.33,49.59,49.2,50.06,47.65,50.6,54.4,51.76,,56.91,47.26
Jun-2015,55.88,56.01,47.23,,46.95,43.82,53.9,54.61,54.85,53.73,55.6,55.79,50.61,53.41,50.76,55.42,53.48,57.16,56.38,53.36,60.99,58.57,54.77,56.15,61.02,51.2,50.17,52.07,49.4,52.51,55.59,53.38,,57.25,
Jul-2015,47.7,47.82,41.03,,44.5,35.77,45.74,46.54,47.46,45.51,48.28,47.6,42.47,45.21,40.56,47.69,46.21,48.71,47.89,45.71,51.52,49.06,47.29,48.15,50.43,44.39,44.05,44.21,43.26,45.14,47.61,45.53,,49.17,
Aug-2015,39.98,40.2,32.48,,37.82,26.62,36.7,38.46,39.13,37.48,39.95,39.52,34.32,35.67,31.73,39.49,38.09,41.64,39.82,36.99,43.09,40.6,39.98,40.16,46.21,34.91,34.97,34.89,33.78,35.33,39.29,35.53,,41.66,
Sep-2015,41.6,41.74,36.31,,40.28,31.95,38.93,40.64,40.93,39.76,41.82,42.12,36.84,37.78,34.9,41.67,39.64,42.96,41.98,39.71,45.53,43.02,43.03,42.99,42.66,36.94,38.12,36.88,35.87,36.4,41.17,39.15,,42.87,
Oct-2015,42.34,42.57,36.9,,40.71,32.17,40.57,41.77,42.2,40.83,42.81,44.19,37.9,39.78,36.27,42.64,41.03,43.61,42.06,40.64,45.9,43.44,43.81,43.55,43.54,38.92,39.75,38.92,36.71,39.09,40.52,38.7,,42.2,
Nov-2015,38.19,38.45,32.96,,36.09,30.23,37.49,38.21,38.62,37.34,39.16,40.68,34.62,36.98,32.98,39.16,37.89,39.06,36.51,36.89,40.77,38.54,38.63,38.79,39.94,35.76,36.81,36.08,34.23,35.49,36.41,34.3,,38.38,
Dec-2015,32.26,32.62,27.45,,31.65,24.17,31.45,32.94,33.41,31.78,33.71,35.69,29.31,30.67,28.21,33.16,30.46,33.23,32.08,31.5,34.77,32.79,31.98,32.36,35.88,30.01,31.21,29.89,29.88,29.19,30.07,26.92,,32.95,
Jan-2016,27.02,27.39,22.06,,26.37,18.94,25.85,27.9,28.47,26.72,28.8,29.56,24.26,24.8,22.66,27.84,24.32,28.16,26.95,26.11,29.5,27.69,27.48,27.35,30.54,24.42,24.17,23.92,26.1,24.13,24.57,21.65,,27.15,
Feb-2016,25.52,25.84,20.7,,25.27,17.38,24.06,26.12,26.31,25.19,27.73,28.35,22.83,22.72,22.22,26.4,23.34,26.57,25.39,24.66,28.1,26.13,26.6,26.47,26.75,23.93,23.18,22.16,28.06,23.45,23.42,20.89,,25.75,
Mar-2016,31.87,32.14,29.8,,33.03,25.64,31.44,33.25,33.18,32.64,34.18,35.43,30.58,30.35,30.64,33.09,30.56,32.38,31.96,32.3,34.98,33.13,32.92,33.01,30.14,30.86,31.64,29.68,32.68,29.89,30.56,28.12,,32.89,
Apr-2016,35.59,35.83,29.39,,35.93,23.8,35.19,36.49,36.5,35.45,37.23,41.33,33.7,34.54,31.45,36.45,33.6,36.19,35.79,35.07,38.81,36.78,36.15,36.56,34.99,34.19,35.4,33.38,33.38,33.68,33.97,32.02,,35.69,
May-2016,41.02,41.24,38.97,,40.7,36.44,40.73,42.3,42.16,41.46,42.89,47.05,39.61,39.47,40.19,42.71,39.6,41.53,41.58,40.8,44.53,42.52,42.11,42.52,38.48,39.74,41.31,38.9,38.42,39.16,39.59,37.81,,41.31,
Jun-2016,43.96,44.35,40.49,,43.94,35.98,43.7,44.18,44.26,43.44,45.44,49.2,41.46,42.8,43.41,45.33,42.48,44.95,44.9,42.75,47.3,44.78,44.99,45.35,43.64,42.95,44.07,41.9,42.01,42.69,40.17,37.9,,42.12,
Jul-2016,40.71,41.16,37.24,,40.58,34.34,40.32,40.71,40.99,39.88,41.45,45.11,38.24,39.58,39.59,41.8,38.72,41.82,40.79,38.99,43.21,41.16,41.25,41.62,42.54,39.67,41.59,38.35,38.29,39.07,36.36,33.32,,38.76,
Aug-2016,40.46,40.84,37.33,,40.51,34.14,39.68,40.75,40.82,39.77,41.53,45.16,38.28,38.53,39.24,41.63,38.66,41.4,40.46,38.81,43,40.94,41.18,41.44,41.29,39.22,41.23,37.45,38.27,38.53,37.46,34.27,,40.05,
Sep-2016,40.55,40.92,38.06,,40.67,35.49,39.85,40.78,40.85,39.85,41.73,45.59,38.34,38.7,39.89,41.71,38.86,41.4,40.57,38.8,43.07,41.03,41.35,41.55,40.94,39.41,40.61,37.5,39.06,39.07,37.78,34.47,,40.47,
Oct-2016,45,45.39,42.2,,45.2,37.98,44.99,45.37,45.27,44.72,46.7,50.39,43.19,44.37,44.81,46.07,44.24,45.62,45.51,43.45,48.11,45.89,45.79,46.19,43.98,44.37,45.26,43.23,43.3,44.32,42.36,39.17,,45.21,
Nov-2016,41.65,42.01,39.46,,41.44,37.01,40.79,43.9,45.23,40.53,43.3,46.2,38.97,39.67,40.92,42.53,39.86,42.68,41.27,39.26,44.38,41.79,42.25,42.49,43.22,40.1,40.7,38.77,39.46,40.22,38.51,36.4,,40.49,
Dec-2016,47.12,47.4,45.03,,47.19,42.26,46.59,44.05,42.34,46.73,47.22,52.57,45.28,45.32,46.9,48.94,45.75,47.74,47.18,45.97,49.97,47.59,48.74,48.76,44.96,45.73,46.21,44.36,44.93,46.12,45.26,43.07,,47.41,
Jan-2017,48.19,48.47,46.27,,48.14,43.95,47.16,48.2,48.11,47.67,49.16,53.17,46.07,45.87,47.38,49.24,45.92,48.92,47.9,46.32,50.52,47.7,49.44,49.41,47.67,46.14,47.14,44.74,44.83,46.23,46.55,43.91,,49,
Feb-2017,49.41,49.7,46.67,,48.74,43.99,48.89,49.35,48.82,48.09,50.12,53.79,46.62,48.26,48.26,50.23,47.9,50.04,49.21,47.1,51.43,48.68,50.46,50.45,48.97,48.06,49.79,46.75,45.88,47.94,47.42,45.01,,49.73,
Mar-2017,46.39,46.55,43.98,,44.89,42.42,45.17,45.9,45.69,44.33,46.26,50.19,42.85,44.4,44.39,46.74,43.97,47.08,45.94,43.37,48.11,45.44,46.72,46.77,47.91,44.44,45.09,43.36,43.79,44.49,45.24,43.95,,46.52,
Apr-2017,47.23,47.47,45.42,,46.33,44.62,46.52,47.08,47.05,46.23,47.55,51.67,44.63,45.62,45.88,48.24,45.38,47.82,47.5,44.73,49.68,46.99,47.29,47.93,47.63,45.54,46.62,44.17,43.34,46.07,45.89,43.63,,48.1,
May-2017,45.19,45.42,42.58,,43.72,41.56,44.58,44.55,44.46,43.69,45.09,49.23,42.24,44.07,43.48,45.74,42.83,45.77,45.47,42.16,47.54,44.96,44.56,45.37,47.09,43.62,44.04,42.49,42.76,44.07,43.65,41.59,,45.65,
Jun-2017,42.17,42.42,39.34,,40.6,38.25,41.26,41.16,41.11,40.38,39.87,45.79,38.87,40.62,40.91,42.6,39.54,42.89,42.02,38.88,44.27,41.86,41.75,42.49,44.33,40.56,40.77,38.95,40.44,40.9,40.17,37.4,,42.32,
Jul-2017,43.42,43.57,40.98,,41.63,39.75,42.75,42.61,42.51,41.81,43.63,46.97,40.4,42.09,42.34,44.13,41.42,43.89,43.86,40.16,45.81,43.35,43.33,43.87,44.05,41.69,41.92,40.62,40.23,42.63,42.48,40.56,,44.04,
Aug-2017,44.96,45.15,41.89,,43.2,39.95,44.68,44.15,44.05,43.08,44.77,48.72,41.48,44.25,43.84,45.79,43.04,45.27,45.56,42.02,47.56,45.33,44.79,45.37,45.05,43.34,43.55,42.49,42.15,44.02,44.46,41.15,,46.94,
Sep-2017,47.17,47.3,43.4,,43.46,41.94,46.33,45.61,45.46,44.6,46.22,50.54,43.07,46,45.63,47.26,45.03,47.47,47.74,43.47,49.36,47.29,46.76,47.52,47.51,45.27,45.4,44.61,43.69,46.14,47.61,45.15,,50.1,
Oct-2017,49.12,49.2,46.24,,47.09,44.52,49.29,48.53,47.51,46.79,48.02,52.26,45.39,49.93,47.54,48.73,46.67,49.02,50.98,45.09,52.35,50.57,47.75,49.29,48.45,46.88,46.88,46.83,45.15,47.76,50.42,47.93,,53.08,
Nov-2017,55.19,55.26,51.11,,51.76,49.02,54.94,52.85,52.64,52.05,53.32,57.31,50.32,55.5,52.43,54.87,52.18,55.28,56.94,50.55,58.57,56.65,53.95,55.42,55.09,51.9,52.07,52.32,49.36,52.82,56.53,54.07,,59.2,
Dec-2017,56.98,57.09,52.73,,52.83,50.63,55.94,54.24,54.13,53.38,54.82,58.52,51.77,56.44,53.8,55.75,53.43,57.39,58.81,51.81,60.1,58.4,55.77,57.27,58.22,52.86,53.08,53.29,50.11,53.83,58.03,54.88,,60.87,
Jan-2018,62.25,62.38,57.79,,57.76,55.46,61.44,59.93,59.72,59,60.42,64.33,57.4,61.75,59.25,61.5,59.18,62.57,63.85,57.22,65.57,63.42,61.57,62.87,61.88,58.46,58.71,58.6,56.49,59.06,63.33,60.38,,66.66,
Feb-2018,61.18,61.36,56.69,,56.82,54.52,59.67,58.47,58.26,57.64,58.91,62.81,56.04,59.65,58.01,60.22,57.96,61.89,62.04,55.97,63.51,61.25,60.85,61.78,62.6,57.2,57.57,57.02,55.27,57.84,61,58.55,,63.89,
Mar-2018,60.68,60.82,57.27,,57.73,55.69,59.65,59.18,58.89,58.35,59.75,63.48,56.78,58.98,58.65,61.01,58.64,61.07,60.42,56.82,62.69,60.29,60.51,61.22,60.85,57.73,57.93,57.01,56.65,58.24,61.13,58.55,,64.23,
Apr-2018,63.5,63.58,60.4,,61.22,58.72,63.04,62.62,62.27,61.75,62.83,67.51,60.07,62.48,62.01,64.37,61.65,63.53,63.69,59.74,65.82,63.41,62.86,63.84,62.81,61,61.36,60.76,59.27,61.5,65.09,62.27,,68.19,
May-2018,66.16,66.14,64.27,,65.17,62.09,66.36,66.19,65.96,65.35,66.52,70.94,63.82,65.72,65.45,67.83,65.31,65.64,67.75,62.52,69.99,67.39,63.02,65.38,67.34,64.46,64.72,64.02,61.55,65.61,69.57,66.5,,73.12,
Jun-2018,62.8,62.7,62.48,,62.3,60.46,63.75,63.75,63.46,62.73,63.99,68.4,61.12,63.01,62.82,65.35,62.37,61.79,66.92,59.79,68.65,66.31,55.59,60.18,68.51,61.85,62.43,61.2,58.87,62.84,67.96,64.42,,71.66,
Jul-2018,67,66.96,66.2,,65.4,63.59,68.09,67.27,67.03,66.47,67.66,71.55,64.67,67.85,66.2,69.08,66.09,66.33,73.2,64.46,74.52,72.38,60.02,65.14,71.3,65.25,65.53,66.34,61.19,66.86,70.55,67.92,,72.78,
Aug-2018,62.64,62.49,61.95,,62.18,60.36,65.82,64.25,64.03,63.74,64.66,68.89,61.78,65.31,62.95,67.58,64.32,61.08,66.46,61.44,68.81,66.25,54.43,59.4,67.61,63.18,63.52,63.19,59.12,64.46,67.57,65.76,,69.34,
Sep-2018,63.54,63.2,64.38,,64.32,62.46,67.31,66.57,66.24,65.75,66.85,71.17,63.95,66.76,65.1,68.91,64.57,61.32,70.34,63.86,71.8,69.46,52.97,59.54,69.46,64.13,65.3,63.5,60.89,64.5,71.62,69.75,,73.67,
Oct-2018,65.18,64.92,65.27,,64.94,63.33,67.58,67.11,66.84,66.29,67.52,70.37,64.63,67.14,65.85,68.92,64.92,63.33,72.92,65.67,74.03,72.26,54.87,61.44,71.93,64.52,65.71,63.65,61.59,64.62,72.87,69.68,,76.27,
Nov-2018,55.65,55.57,52.11,,51.17,50.13,52.46,53.3,53.14,52.46,54.58,56.28,50.76,51.24,52.2,54.95,49.68,56.19,59.77,51.81,60.82,59.35,48.55,52.93,67.76,50.61,52.37,46.26,51.79,48.58,59.75,57,,62.96,
Dec-2018,47.63,47.47,43.98,,43.42,41.67,40.58,45.3,45.1,44.3,45.45,48.47,42.05,37.06,44.18,46.74,38.89,49.25,51.44,43.9,52.47,51.2,43.59,46.59,58.94,40.22,43.98,32.39,40.76,36.51,52.07,50.12,,54.45,
Jan-2019,48,47.66,46.09,,45.91,43.93,46.06,48.07,47.82,46.96,48.3,50.98,44.76,44.49,46.91,48.88,43.67,47.61,52.73,46.47,53.89,52.65,41.86,46.03,54.13,44.13,45.47,42.1,43.26,43.17,55.24,53.34,,57.72,
Feb-2019,52.6,52.3,49.49,,49.4,47.13,51.79,51.68,51.35,50.52,51.72,54.39,48.29,51.76,50.4,52.16,49.4,51.83,56.14,50.06,57.44,56.24,47.93,50.85,56.33,49.04,48.83,49.85,46.26,50.28,59.73,56.99,,63.29,
Mar-2019,57.46,57.29,52.74,,52.25,49.93,54.85,54.69,54.41,53.53,54.84,57.44,51.55,54.84,53.41,55.16,51.94,57.7,60.19,52.83,61.24,60.19,54.89,56.8,61.22,51.87,51.84,52.56,47.97,53.26,62.44,60.17,,65.34,
Apr-2019,63,62.95,58.23,,58.22,55.38,60.94,60.39,60.11,59.25,60.49,63.23,57.32,61.16,58.88,60.97,58.29,63.31,66.01,58.27,67.13,65.72,60.16,62.63,66.35,58.16,58.06,58.12,54.7,59.7,66.53,63.91,,69.74,
May-2019,59.73,59.54,55.96,,55.5,53.64,57.61,57.4,57.19,56.52,57.64,60.18,54.59,57.34,56.11,58.42,55.72,59.71,62.18,55.49,63.6,62.1,55.39,58.48,65.08,54.7,54.57,54.65,50.87,56.36,65.13,62.64,,68.42,
Jun-2019,54.34,54.21,49.61,,49.53,46.6,51.56,54.56,56.78,50.4,53.48,54.15,48.31,51.16,49.99,52.39,49.29,54.68,57.63,49.55,58.67,57.2,49.26,52.78,62.54,48.69,48.59,48.18,47.75,49.33,58.91,56.56,,61.87,
Jul-2019,56.47,56.39,52.84,,52.64,50.37,54.01,52.62,51.59,53,53.95,56.86,50.99,53.71,52.55,54.99,51.86,56.83,59.3,51.91,60.47,59.03,53.94,56.27,60.27,51.46,51.45,51.12,48.43,52.41,60.32,57.87,,63.17,
Aug-2019,53.63,53.69,49.33,,49.07,47.49,51.21,52.96,53.52,50.39,51.64,54.15,48.39,50.61,50.12,52.49,48.98,54.27,54.77,49.61,56.63,55.05,51.38,53.11,58.92,48.66,48.73,48.5,46.37,49.54,55.63,52.22,,58.53,
Sep-2019,55.14,55.12,50.74,,51.43,48.91,52.8,52.2,51.5,52.24,52.52,56.37,50.28,51.85,51.85,54.69,50.18,55.58,55.38,51.23,57.62,55.98,53.89,55.05,58.02,50.56,51.18,50.34,47.81,51,57.94,55.37,,61.24,
Oct-2019,53.14,53.11,50.99,,51.06,48.76,49.51,52.21,52.7,49.79,50.81,53.01,47.53,47.92,50.56,52.22,47.2,53.97,55.13,48.68,57.94,53.21,52.3,53.47,56.31,47.74,48.13,45.82,46.81,48,56.16,53.66,,59.55,
Nov-2019,54.96,54.84,50.17,,51.06,48.48,52.53,51.98,51.01,52.76,52.13,56.08,50.64,51.31,52.21,55.02,50.79,55.28,54.62,48.07,57.21,55.52,55.37,55.3,55.13,50.53,50.39,49.67,49.59,51.2,58.93,56.76,,62.1,
Dec-2019,58.41,58.36,52.74,,53.71,50.71,56.31,54.92,53.94,55.5,54.97,58.81,53.36,55.85,54.68,57.58,53.19,58.87,58.76,54.13,61.33,58.77,58.31,59.01,58.63,52.93,53.51,52.43,49.82,53.52,61.27,59.08,,64.51,
Jan-2020,56.55,56.55,50.01,,49.82,49.15,54.23,55.74,55.94,53.68,54.12,56.54,51.24,53.65,51.07,55.78,50.88,57.12,56.23,52.23,59.04,56.07,56.55,57.25,57.03,51.01,51.78,49.99,49.02,51.07,59.2,56.49,,63.03,
Feb-2020,49.66,49.75,43.16,,43.23,42.15,47.03,51.94,53.46,47.66,48.98,49.4,44.16,46.18,44.01,48.6,43.81,50.57,49.17,45.05,51.7,49.68,49.44,49.88,53.16,43.82,44.04,42.45,44.19,43.74,50.5,48.24,,53.68,
Mar-2020,31.01,30.79,23.42,,23.42,22.45,28.21,27.3,27.13,26.48,26.55,28.07,24.22,28.64,24.3,28.14,23.66,31.77,28.68,24.67,31.15,28.75,29.83,30.34,37.1,24.62,23.95,23.69,29.17,24.11,33.21,34.68,,31.47,
Apr-2020,15.18,15.38,10.34,,11.07,9.38,12.72,16.22,16.29,14.4,16.64,15.73,11.81,11.76,12.44,14.28,10.05,15.95,12.59,12.74,16.12,14.14,15.32,14.75,19.62,11.19,9.53,9.95,18.69,10.79,15.33,12.29,,19.5,
May-2020,18.02,17.83,17.75,,20.22,16.43,19.08,25.65,24.92,22.8,24.33,27.89,20.5,18.03,21.17,19.96,10.31,16.95,18.03,22.15,20.97,20.8,17.24,16.92,16.6,15.11,9.96,16.52,21.93,20.46,23.77,20.52,,27.94,
Jun-2020,33.81,34.26,25.01,,31.63,22.52,34.8,35.02,34.78,33.51,34.32,37.55,31.58,35.98,31.29,33.77,33.96,34.04,34.52,32.59,36.55,36.08,33.98,34.9,31.49,32.16,30.77,33.91,31.48,33.75,32.08,26.24,,38.39,
Jul-2020,37.44,37.88,30.1,,32.47,29.49,36.96,37.39,37.25,36.38,36.07,39.93,34.28,36.8,33.43,37.87,34.8,38.11,36.19,35.46,39.15,37.76,37.69,38.37,37.54,34.9,36.04,33.81,33.89,35.03,35.05,31.07,,40.37,
Aug-2020,39.37,39.61,31.15,,34.42,30.43,38.14,38.91,38.65,37.89,37.52,41.57,35.92,37.66,35.52,39.51,36.11,40.06,38.23,36.8,40.66,39.95,39.95,39.98,40.56,36.93,37.99,35.57,37.49,36.45,38.35,35.8,,41.65,
Sep-2020,36.82,37.1,28.42,,30.65,27.12,35.64,36.34,36.18,35.34,35.04,38.83,33.41,35.36,33.12,36.68,33.13,37.56,35.48,34.54,38.5,37.18,37.31,37.09,39.27,34.15,35.31,32.85,35.58,33.37,35.25,31.9,,39.16,
Oct-2020,36.39,36.74,29.37,,30.68,28.35,35.39,36.16,35.96,35.12,34.78,35.77,32.98,35.02,33.45,36.62,33.3,37.15,35.15,34.23,37.81,36.7,37.14,36.97,37.94,34.43,35.33,32.68,35.32,34.06,34.29,30.82,,38.77,
Nov-2020,38.25,38.53,30.13,,32.48,28.89,37.34,38.04,37.81,36.99,36.55,40.33,34.81,36.98,34.75,38.45,35.17,38.83,36.79,36.16,39.51,39.04,38.68,38.77,39.11,36.26,37.16,34.62,36.93,35.96,36.98,34.69,,40.93,
Dec-2020,43.92,44.15,36.09,,38.06,35.02,43.63,43.94,43.72,42.87,42.5,45.89,40.68,43.57,40.66,44.27,40.66,44.23,42.46,41.6,45.35,44.45,44.35,44.64,43.02,41.9,42.91,40.21,41.96,41.82,43.44,40.64,,47.61,
Jan-2021,49.47,49.67,42.24,,43.48,41.56,47.19,48.58,48.27,47.56,47.06,50.95,45.56,46.14,45.39,49.4,45.76,50.2,47.99,45.56,50.67,49.48,49.89,50.41,49.87,46.97,47.82,45.11,47.76,46.67,49.1,46.69,,52.85,
Feb-2021,56.44,56.76,49.22,,50.23,48.91,54.16,55.86,55.65,54.95,54.35,57.96,52.69,53.1,52.47,56.58,52.9,57.32,55.29,53.01,58.36,56.6,57.05,57.8,56.39,53.5,54.71,52.25,53.08,53.53,55.48,52.37,,60.28,
Mar-2021,60.43,60.7,53.66,,54.11,52.78,58.2,59.27,59.13,58.48,57.27,61.47,56.27,57.17,56.64,60.18,57.08,61.24,59.2,56.62,61.68,60.72,61.49,61.3,60.99,57.07,58.08,56.51,56.25,57.23,59.34,56.52,,63.87,
Apr-2021,59.87,60.1,54,,54.25,53.32,58.2,58.3,58.09,57.55,56.27,61.07,55.4,57.71,55.99,59.49,56.62,60.54,58.61,55.46,61.23,59.9,60.34,60.36,61.25,56.52,56.9,56.95,54.73,57.06,58.92,56.04,,62.95,
May-2021,62.8,63.04,57.37,,57.7,56.73,61.21,61.77,61.57,60.9,59.71,65.27,58.8,60.51,59.31,62.72,59.5,63.41,61.61,58.92,64.07,62.7,63.42,63.48,63.27,60.05,60.62,59.65,57.82,60.84,61.93,59.16,,66.26,
Jun-2021,68.58,68.93,64.19,,64.23,63.87,67.31,68.04,67.72,67.28,65.08,70.33,65.14,66.52,65.73,69.01,65.71,69.29,67.73,65.27,70.17,68.75,69.65,69.49,68.53,65.71,66.83,65.32,63.08,66.58,66.78,63.73,,71.54,
Jul-2021,70.12,70.37,65.09,,65.79,64.28,68.66,69.43,69.33,68.8,66.75,72.18,66.47,67.79,67.18,70.37,67.58,70.8,69.67,66.7,71.49,69.98,71.12,70.78,70.71,67.01,67.39,66.52,64.32,68.27,68.6,65.9,,72.21,
Aug-2021,65.68,65.89,60.34,,61.05,59.57,64.4,64.46,64.58,63.86,61.61,67.24,61.65,63.79,62.14,65.91,63.57,66.24,64.05,61.64,66.36,64.48,66.4,66.02,67.01,62.8,63.02,62.59,60.71,63.79,64.73,62.24,,68.08,
Sep-2021,69.09,69.25,64.13,,64.79,63.42,67.77,68,67.86,67.53,65.31,70.8,65.23,66.96,65.93,69.58,67.07,69.58,67.66,65.05,69.96,68.18,70.1,69.86,67.57,66.39,66.93,66.06,63.12,67.87,68.93,66.69,,72.14,
Oct-2021,78.51,78.7,74.02,,74.43,73.33,76.98,77.65,77.23,77.18,75.05,81.09,75.06,75.77,75.61,79.31,76.88,79.06,77.65,74.99,79.9,78.28,79.97,79.79,75.79,76.52,77.97,76.19,70.89,78.07,77.84,75.69,,81.21,
Nov-2021,76.45,76.68,71.42,,71.65,70.66,74.88,74.68,75.02,74.25,72.67,78.16,72.34,74.14,72.62,76.69,74.36,77.21,74.8,72.04,77.23,75.26,77.31,77.43,76.57,73.89,74.95,74.09,68.63,75.61,74.53,73.03,,77.01,
Dec-2021,70.56,70.73,64.66,,64.86,64,68.62,68.36,68.68,67.83,66.38,71.18,65.83,67.85,65.97,70.62,68.05,71.33,67.95,65.53,70.69,68.73,71.23,71.32,71.64,67.12,68.17,67.31,62.6,68.41,69.36,68.01,,71.55,
Jan-2022,80.33,80.6,76.19,,75.97,76,79.03,79.18,78.97,78.79,77.53,82.39,77.04,78.19,77.12,80.93,77.98,81.02,79.55,76.74,81.83,80.19,81.81,81.84,77.79,77.86,79.36,77.74,73.69,78.89,78.34,76.33,,81.62,
Feb-2022,89.41,89.71,84.99,,85.01,84.51,88.18,88.23,88.15,87.84,86.33,87.66,85.88,87.6,85.93,89.84,87.69,90.19,88.77,86.04,91.37,89.31,91.24,91.05,86.55,86.18,88.26,87.4,78.92,88.31,86.93,84.94,,90.18,
Mar-2022,107.07,107.4,101.85,,102.15,101.04,105.87,105.25,104.95,105.37,103.22,104,103.23,105.14,103.26,107.84,105.28,107.77,107.01,103.32,109.42,107.49,109.2,108.88,102.81,102.72,105.16,104.64,93.07,106.05,105.62,102.5,,111.02,
Apr-2022,103.28,103.59,95.44,,95.53,94.49,100.72,98.69,98.92,98.8,96.49,97.23,96.65,100.42,96.07,102.49,99.34,104.26,101.89,96.41,104.2,102.24,104.36,104.22,104.48,97.87,98.52,99.32,91.9,100.38,101.35,98.23,,106.07,
